[
  {
    "question": "من هو الإمام الذي دُفن في سامراء؟",
    "options": [
      "الإمام الجواد (ع)",
      "الإمام الهادي (ع)",
      "الإمام العسكري (ع)",
      "الإمام الرضا (ع)"
    ],
    "answer": 2
  },
  {
    "question": "كم ركعة في صلاة الفجر؟",
    "options": [
      "ركعة واحدة",
      "ركعتان",
      "ثلاث ركعات",
      "أربع ركعات"
    ],
    "answer": 1
  }
]